"Stock","Markowitz Model","LP Model","Difference"
"Stock_1","0.103","0.102969","-0.000031"
"Stock_2","0.117","0.104827","-0.012173"
"Stock_3","0.117","0.105155","-0.011845"
"Stock_4","0.110","0.099270","-0.010730"
"Stock_5","0.091","0.092877","+0.001877"
"Stock_6","0.081","0.092450","+0.011450"
"Stock_7","0.108","0.113510","+0.005510"
"Stock_8","0.088","0.094658","+0.006658"
"Stock_9","0.098","0.102633","+0.004633"
"Stock_10","0.087","0.091653","+0.004653"